<?xml version="1.0"?>
<ruleset name="PHP Spider Ruleset for source code"
         xmlns="http://pmd.sf.net/ruleset/1.0.0"
         xmlns:xsi="http://www.w3.org/2001/XMLSchema-instance"
         xsi:schemaLocation="http://pmd.sf.net/ruleset/1.0.0
                     http://pmd.sf.net/ruleset_xml_schema.xsd"
         xsi:noNamespaceSchemaLocation="
                     http://pmd.sf.net/ruleset_xml_schema.xsd">
    <description>
        PHP Spider Ruleset for source code
    </description>

    <rule ref="rulesets/cleancode.xml">
        <exclude name="BooleanArgumentFlag" />
        <exclude name="ElseExpression" />
        <exclude name="StaticAccess" />
    </rule>

    <rule ref="rulesets/unusedcode.xml">
        <!-- we turn this back on as soon as an exception for inherited/implemented methods is available-->
        <!--<exclude name="UnusedFormalParameter"/>-->
    </rule>

    <rule ref="rulesets/codesize.xml" />

    <rule ref="rulesets/controversial.xml" />

    <rule ref="rulesets/design.xml">
        <exclude name="CouplingBetweenObjects"/>
    </rule>

    <rule ref="rulesets/design.xml/CouplingBetweenObjects">
        <properties>
            <property name="minimum" value="15" />
        </properties>
    </rule>

    <rule ref="rulesets/naming.xml">
        <exclude name="ShortVariable" />
        <exclude name="LongVariable" />
    </rule>

</ruleset>
